claim_id,app,category,dimension,pass1_claim,pass1_verdict,pass2_verified_claim,pass2_verdict,evidence_url,resolution_type
1,DealCloud,CRM and Sales,app_name,,VERIFIED_CORRECT,,VERIFIED_CORRECT,https://api.docs.dealcloud.com/docs,CONFIRMED_AGAINST_PRIMARY_DOCS
2,DealCloud,CRM and Sales,category,CRM and Sales,VERIFIED_CORRECT,CRM and Sales,VERIFIED_CORRECT,https://api.docs.dealcloud.com/docs,CONFIRMED_AGAINST_PRIMARY_DOCS
3,DealCloud,CRM and Sales,description,Institutional CRM and deal management platform for investment banks and private capital firms.,VERIFIED_CORRECT,Institutional CRM and deal management platform for investment banks and private capital firms.,VERIFIED_CORRECT,https://api.docs.dealcloud.com/docs,CONFIRMED_AGAINST_PRIMARY_DOCS
4,DealCloud,CRM and Sales,auth_methods,"['OAuth 2.0 (Client Credentials Grant)', 'API Key (User Profile / Bearer Token)']",VERIFIED_CORRECT,"['OAuth 2.0 (Client Credentials Grant)', 'API Key (User Profile / Bearer Token)']",VERIFIED_CORRECT,https://api.docs.dealcloud.com/docs,CONFIRMED_AGAINST_PRIMARY_DOCS
5,DealCloud,CRM and Sales,credential_access,SELF_SERVE,UNSUPPORTED_OR_INCORRECT,ADMIN_APPROVAL,VERIFIED_CORRECT,https://api.docs.dealcloud.com/docs,CORRECTED_VIA_HEURISTIC_AND_HUMAN_AUDIT
6,DealCloud,CRM and Sales,free_or_trial_access,Enterprise contract only; no public free tier or self-serve developer sandbox.,VERIFIED_CORRECT,Enterprise contract only; no public free tier or self-serve developer sandbox.,VERIFIED_CORRECT,https://api.docs.dealcloud.com/docs,CONFIRMED_AGAINST_PRIMARY_DOCS
7,DealCloud,CRM and Sales,api_availability,,UNSUPPORTED_OR_INCORRECT,,VERIFIED_CORRECT,https://api.docs.dealcloud.com/docs,CORRECTED_VIA_HEURISTIC_AND_HUMAN_AUDIT
8,DealCloud,CRM and Sales,api_type,,VERIFIED_CORRECT,,VERIFIED_CORRECT,https://api.docs.dealcloud.com/docs,CONFIRMED_AGAINST_PRIMARY_DOCS
9,DealCloud,CRM and Sales,api_breadth,,VERIFIED_CORRECT,,VERIFIED_CORRECT,https://api.docs.dealcloud.com/docs,CONFIRMED_AGAINST_PRIMARY_DOCS
10,DealCloud,CRM and Sales,documentation_quality,,VERIFIED_CORRECT,,VERIFIED_CORRECT,https://api.docs.dealcloud.com/docs,CONFIRMED_AGAINST_PRIMARY_DOCS
11,DealCloud,CRM and Sales,mcp_status,,UNSUPPORTED_OR_INCORRECT,,VERIFIED_CORRECT,https://api.docs.dealcloud.com/docs,CORRECTED_VIA_HEURISTIC_AND_HUMAN_AUDIT
12,DealCloud,CRM and Sales,mcp_official,,VERIFIED_CORRECT,,VERIFIED_CORRECT,https://api.docs.dealcloud.com/docs,CONFIRMED_AGAINST_PRIMARY_DOCS
13,DealCloud,CRM and Sales,mcp_url,,VERIFIED_CORRECT,,VERIFIED_CORRECT,https://api.docs.dealcloud.com/docs,CONFIRMED_AGAINST_PRIMARY_DOCS
14,DealCloud,CRM and Sales,buildability,HIGH,UNSUPPORTED_OR_INCORRECT,MEDIUM,VERIFIED_CORRECT,https://api.docs.dealcloud.com/docs,CORRECTED_VIA_HEURISTIC_AND_HUMAN_AUDIT
15,DealCloud,CRM and Sales,primary_blocker,None,UNSUPPORTED_OR_INCORRECT,Enterprise-only access / Admin approval,VERIFIED_CORRECT,https://api.docs.dealcloud.com/docs,CORRECTED_VIA_HEURISTIC_AND_HUMAN_AUDIT
16,DealCloud,CRM and Sales,secondary_blockers,"['Admin must enable API capability in User Management (Capabilities > Site Areas > API)', 'OAuth2 to",VERIFIED_CORRECT,"['Admin must enable API capability in User Management (Capabilities > Site Areas > API)', 'OAuth2 to",VERIFIED_CORRECT,https://api.docs.dealcloud.com/docs,CONFIRMED_AGAINST_PRIMARY_DOCS
17,DealCloud,CRM and Sales,evidence_claims,,VERIFIED_CORRECT,,VERIFIED_CORRECT,https://api.docs.dealcloud.com/docs,CONFIRMED_AGAINST_PRIMARY_DOCS
18,DealCloud,CRM and Sales,evidence_urls,,VERIFIED_CORRECT,,VERIFIED_CORRECT,https://api.docs.dealcloud.com/docs,CONFIRMED_AGAINST_PRIMARY_DOCS
19,DealCloud,CRM and Sales,confidence_score,,VERIFIED_CORRECT,,VERIFIED_CORRECT,https://api.docs.dealcloud.com/docs,CONFIRMED_AGAINST_PRIMARY_DOCS
20,Gladly,Support and Helpdesk,app_name,,VERIFIED_CORRECT,,VERIFIED_CORRECT,https://developer.gladly.com/rest/#section/Authentication,CONFIRMED_AGAINST_PRIMARY_DOCS
21,Gladly,Support and Helpdesk,category,Support and Helpdesk,VERIFIED_CORRECT,Support and Helpdesk,VERIFIED_CORRECT,https://developer.gladly.com/rest/#section/Authentication,CONFIRMED_AGAINST_PRIMARY_DOCS
22,Gladly,Support and Helpdesk,description,"People-centered customer service platform unifying customer communication history, voice, and omnich",VERIFIED_CORRECT,"People-centered customer service platform unifying customer communication history, voice, and omnich",VERIFIED_CORRECT,https://developer.gladly.com/rest/#section/Authentication,CONFIRMED_AGAINST_PRIMARY_DOCS
23,Gladly,Support and Helpdesk,auth_methods,['HTTP Basic Authentication (user@organization.com : API_Token)'],VERIFIED_CORRECT,['HTTP Basic Authentication (user@organization.com : API_Token)'],VERIFIED_CORRECT,https://developer.gladly.com/rest/#section/Authentication,CONFIRMED_AGAINST_PRIMARY_DOCS
24,Gladly,Support and Helpdesk,credential_access,SELF_SERVE,UNSUPPORTED_OR_INCORRECT,ADMIN_APPROVAL,VERIFIED_CORRECT,https://developer.gladly.com/rest/#section/Authentication,CORRECTED_VIA_HEURISTIC_AND_HUMAN_AUDIT
25,Gladly,Support and Helpdesk,free_or_trial_access,Enterprise subscription; dedicated sandbox testing available at https://{organization}.gladly.qa.,VERIFIED_CORRECT,Enterprise subscription; dedicated sandbox testing available at https://{organization}.gladly.qa.,VERIFIED_CORRECT,https://developer.gladly.com/rest/#section/Authentication,CONFIRMED_AGAINST_PRIMARY_DOCS
26,Gladly,Support and Helpdesk,api_availability,,UNSUPPORTED_OR_INCORRECT,,VERIFIED_CORRECT,https://developer.gladly.com/rest/#section/Authentication,CORRECTED_VIA_HEURISTIC_AND_HUMAN_AUDIT
27,Gladly,Support and Helpdesk,api_type,,VERIFIED_CORRECT,,VERIFIED_CORRECT,https://developer.gladly.com/rest/#section/Authentication,CONFIRMED_AGAINST_PRIMARY_DOCS
28,Gladly,Support and Helpdesk,api_breadth,,VERIFIED_CORRECT,,VERIFIED_CORRECT,https://developer.gladly.com/rest/#section/Authentication,CONFIRMED_AGAINST_PRIMARY_DOCS
29,Gladly,Support and Helpdesk,documentation_quality,,VERIFIED_CORRECT,,VERIFIED_CORRECT,https://developer.gladly.com/rest/#section/Authentication,CONFIRMED_AGAINST_PRIMARY_DOCS
30,Gladly,Support and Helpdesk,mcp_status,,UNSUPPORTED_OR_INCORRECT,,VERIFIED_CORRECT,https://developer.gladly.com/rest/#section/Authentication,CORRECTED_VIA_HEURISTIC_AND_HUMAN_AUDIT
31,Gladly,Support and Helpdesk,mcp_official,,VERIFIED_CORRECT,,VERIFIED_CORRECT,https://developer.gladly.com/rest/#section/Authentication,CONFIRMED_AGAINST_PRIMARY_DOCS
32,Gladly,Support and Helpdesk,mcp_url,,VERIFIED_CORRECT,,VERIFIED_CORRECT,https://developer.gladly.com/rest/#section/Authentication,CONFIRMED_AGAINST_PRIMARY_DOCS
33,Gladly,Support and Helpdesk,buildability,HIGH,UNSUPPORTED_OR_INCORRECT,MEDIUM,VERIFIED_CORRECT,https://developer.gladly.com/rest/#section/Authentication,CORRECTED_VIA_HEURISTIC_AND_HUMAN_AUDIT
34,Gladly,Support and Helpdesk,primary_blocker,None,UNSUPPORTED_OR_INCORRECT,Enterprise-only access / Admin approval,VERIFIED_CORRECT,https://developer.gladly.com/rest/#section/Authentication,CORRECTED_VIA_HEURISTIC_AND_HUMAN_AUDIT
35,Gladly,Support and Helpdesk,secondary_blockers,"[""Requires Gladly Administrator to assign 'API User' permission under Settings > Users before creati",VERIFIED_CORRECT,"[""Requires Gladly Administrator to assign 'API User' permission under Settings > Users before creati",VERIFIED_CORRECT,https://developer.gladly.com/rest/#section/Authentication,CONFIRMED_AGAINST_PRIMARY_DOCS
36,Gladly,Support and Helpdesk,evidence_claims,,VERIFIED_CORRECT,,VERIFIED_CORRECT,https://developer.gladly.com/rest/#section/Authentication,CONFIRMED_AGAINST_PRIMARY_DOCS
37,Gladly,Support and Helpdesk,evidence_urls,,VERIFIED_CORRECT,,VERIFIED_CORRECT,https://developer.gladly.com/rest/#section/Authentication,CONFIRMED_AGAINST_PRIMARY_DOCS
38,Gladly,Support and Helpdesk,confidence_score,,VERIFIED_CORRECT,,VERIFIED_CORRECT,https://developer.gladly.com/rest/#section/Authentication,CONFIRMED_AGAINST_PRIMARY_DOCS
39,WhatsApp Business,Communications and Messaging,app_name,,VERIFIED_CORRECT,,VERIFIED_CORRECT,https://developers.facebook.com/docs/whatsapp/cloud-api/get-started,CONFIRMED_AGAINST_PRIMARY_DOCS
40,WhatsApp Business,Communications and Messaging,category,Communications and Messaging,VERIFIED_CORRECT,Communications and Messaging,VERIFIED_CORRECT,https://developers.facebook.com/docs/whatsapp/cloud-api/get-started,CONFIRMED_AGAINST_PRIMARY_DOCS
41,WhatsApp Business,Communications and Messaging,description,"Enterprise customer messaging platform by Meta for business messaging, notifications, and customer s",VERIFIED_CORRECT,"Enterprise customer messaging platform by Meta for business messaging, notifications, and customer s",VERIFIED_CORRECT,https://developers.facebook.com/docs/whatsapp/cloud-api/get-started,CONFIRMED_AGAINST_PRIMARY_DOCS
42,WhatsApp Business,Communications and Messaging,auth_methods,"['OAuth 2.0 (Meta App Review)', 'Bearer Token (Permanent System User Access Token)', 'Temporary Sand",VERIFIED_CORRECT,"['OAuth 2.0 (Meta App Review)', 'Bearer Token (Permanent System User Access Token)', 'Temporary Sand",VERIFIED_CORRECT,https://developers.facebook.com/docs/whatsapp/cloud-api/get-started,CONFIRMED_AGAINST_PRIMARY_DOCS
43,WhatsApp Business,Communications and Messaging,credential_access,SELF_SERVE,UNSUPPORTED_OR_INCORRECT,SELF_SERVE_WITH_PLAN_REQUIREMENT,VERIFIED_CORRECT,https://developers.facebook.com/docs/whatsapp/cloud-api/get-started,CORRECTED_VIA_HEURISTIC_AND_HUMAN_AUDIT
44,WhatsApp Business,Communications and Messaging,free_or_trial_access,Free sandbox development environment with test phone numbers via Meta for Developers dashboard; prod,VERIFIED_CORRECT,Free sandbox development environment with test phone numbers via Meta for Developers dashboard; prod,VERIFIED_CORRECT,https://developers.facebook.com/docs/whatsapp/cloud-api/get-started,CONFIRMED_AGAINST_PRIMARY_DOCS
45,WhatsApp Business,Communications and Messaging,api_availability,,UNSUPPORTED_OR_INCORRECT,,VERIFIED_CORRECT,https://developers.facebook.com/docs/whatsapp/cloud-api/get-started,CORRECTED_VIA_HEURISTIC_AND_HUMAN_AUDIT
46,WhatsApp Business,Communications and Messaging,api_type,,VERIFIED_CORRECT,,VERIFIED_CORRECT,https://developers.facebook.com/docs/whatsapp/cloud-api/get-started,CONFIRMED_AGAINST_PRIMARY_DOCS
47,WhatsApp Business,Communications and Messaging,api_breadth,,VERIFIED_CORRECT,,VERIFIED_CORRECT,https://developers.facebook.com/docs/whatsapp/cloud-api/get-started,CONFIRMED_AGAINST_PRIMARY_DOCS
48,WhatsApp Business,Communications and Messaging,documentation_quality,,VERIFIED_CORRECT,,VERIFIED_CORRECT,https://developers.facebook.com/docs/whatsapp/cloud-api/get-started,CONFIRMED_AGAINST_PRIMARY_DOCS
49,WhatsApp Business,Communications and Messaging,mcp_status,,UNSUPPORTED_OR_INCORRECT,,VERIFIED_CORRECT,https://developers.facebook.com/docs/whatsapp/cloud-api/get-started,CORRECTED_VIA_HEURISTIC_AND_HUMAN_AUDIT
50,WhatsApp Business,Communications and Messaging,mcp_official,,VERIFIED_CORRECT,,VERIFIED_CORRECT,https://developers.facebook.com/docs/whatsapp/cloud-api/get-started,CONFIRMED_AGAINST_PRIMARY_DOCS
51,WhatsApp Business,Communications and Messaging,mcp_url,,VERIFIED_CORRECT,,VERIFIED_CORRECT,https://developers.facebook.com/docs/whatsapp/cloud-api/get-started,CONFIRMED_AGAINST_PRIMARY_DOCS
52,WhatsApp Business,Communications and Messaging,buildability,HIGH,UNSUPPORTED_OR_INCORRECT,MEDIUM,VERIFIED_CORRECT,https://developers.facebook.com/docs/whatsapp/cloud-api/get-started,CORRECTED_VIA_HEURISTIC_AND_HUMAN_AUDIT
53,WhatsApp Business,Communications and Messaging,primary_blocker,None,UNSUPPORTED_OR_INCORRECT,Meta Business Portfolio Verification & App Review for production live phone numbers,VERIFIED_CORRECT,https://developers.facebook.com/docs/whatsapp/cloud-api/get-started,CORRECTED_VIA_HEURISTIC_AND_HUMAN_AUDIT
54,WhatsApp Business,Communications and Messaging,secondary_blockers,['24-hour customer service window rule for non-template messages; pre-approved templates required fo,AMBIGUOUS,['24-hour customer service window rule for non-template messages; pre-approved templates required fo,VERIFIED_WITH_EXPLICIT_UNCERTAINTY,https://developers.facebook.com/docs/whatsapp/cloud-api/get-started,PRESERVED_DELIBERATE_UNCERTAINTY
55,WhatsApp Business,Communications and Messaging,evidence_claims,,VERIFIED_CORRECT,,VERIFIED_CORRECT,https://developers.facebook.com/docs/whatsapp/cloud-api/get-started,CONFIRMED_AGAINST_PRIMARY_DOCS
56,WhatsApp Business,Communications and Messaging,evidence_urls,,VERIFIED_CORRECT,,VERIFIED_CORRECT,https://developers.facebook.com/docs/whatsapp/cloud-api/get-started,CONFIRMED_AGAINST_PRIMARY_DOCS
57,WhatsApp Business,Communications and Messaging,confidence_score,,VERIFIED_CORRECT,,VERIFIED_CORRECT,https://developers.facebook.com/docs/whatsapp/cloud-api/get-started,CONFIRMED_AGAINST_PRIMARY_DOCS
58,Google Ads,"Marketing, Ads, Email and Social",app_name,,VERIFIED_CORRECT,,VERIFIED_CORRECT,https://github.com/googleads/google-ads-mcp,CONFIRMED_AGAINST_PRIMARY_DOCS
59,Google Ads,"Marketing, Ads, Email and Social",category,"Marketing, Ads, Email and Social",VERIFIED_CORRECT,"Marketing, Ads, Email and Social",VERIFIED_CORRECT,https://github.com/googleads/google-ads-mcp,CONFIRMED_AGAINST_PRIMARY_DOCS
60,Google Ads,"Marketing, Ads, Email and Social",description,"Online advertising platform for search, display, video, and app campaigns across Google networks wit",VERIFIED_CORRECT,"Online advertising platform for search, display, video, and app campaigns across Google networks wit",VERIFIED_CORRECT,https://github.com/googleads/google-ads-mcp,CONFIRMED_AGAINST_PRIMARY_DOCS
61,Google Ads,"Marketing, Ads, Email and Social",auth_methods,"['OAuth 2.0 (Bearer Token with scope https://www.googleapis.com/auth/adwords)', 'Service Account Key",VERIFIED_CORRECT,"['OAuth 2.0 (Bearer Token with scope https://www.googleapis.com/auth/adwords)', 'Service Account Key",VERIFIED_CORRECT,https://github.com/googleads/google-ads-mcp,CONFIRMED_AGAINST_PRIMARY_DOCS
62,Google Ads,"Marketing, Ads, Email and Social",credential_access,SELF_SERVE,UNSUPPORTED_OR_INCORRECT,ADMIN_APPROVAL,VERIFIED_CORRECT,https://github.com/googleads/google-ads-mcp,CORRECTED_VIA_HEURISTIC_AND_HUMAN_AUDIT
63,Google Ads,"Marketing, Ads, Email and Social",free_or_trial_access,Test accounts and test developer tokens are free; production access requires approved Developer Toke,VERIFIED_CORRECT,Test accounts and test developer tokens are free; production access requires approved Developer Toke,VERIFIED_CORRECT,https://github.com/googleads/google-ads-mcp,CONFIRMED_AGAINST_PRIMARY_DOCS
64,Google Ads,"Marketing, Ads, Email and Social",api_availability,,UNSUPPORTED_OR_INCORRECT,,VERIFIED_CORRECT,https://github.com/googleads/google-ads-mcp,CORRECTED_VIA_HEURISTIC_AND_HUMAN_AUDIT
65,Google Ads,"Marketing, Ads, Email and Social",api_type,,VERIFIED_CORRECT,,VERIFIED_CORRECT,https://github.com/googleads/google-ads-mcp,CONFIRMED_AGAINST_PRIMARY_DOCS
66,Google Ads,"Marketing, Ads, Email and Social",api_breadth,,VERIFIED_CORRECT,,VERIFIED_CORRECT,https://github.com/googleads/google-ads-mcp,CONFIRMED_AGAINST_PRIMARY_DOCS
67,Google Ads,"Marketing, Ads, Email and Social",documentation_quality,,VERIFIED_CORRECT,,VERIFIED_CORRECT,https://github.com/googleads/google-ads-mcp,CONFIRMED_AGAINST_PRIMARY_DOCS
68,Google Ads,"Marketing, Ads, Email and Social",mcp_status,,UNSUPPORTED_OR_INCORRECT,,VERIFIED_CORRECT,https://github.com/googleads/google-ads-mcp,CORRECTED_VIA_HEURISTIC_AND_HUMAN_AUDIT
69,Google Ads,"Marketing, Ads, Email and Social",mcp_official,,VERIFIED_CORRECT,,VERIFIED_CORRECT,https://github.com/googleads/google-ads-mcp,CONFIRMED_AGAINST_PRIMARY_DOCS
70,Google Ads,"Marketing, Ads, Email and Social",mcp_url,,VERIFIED_CORRECT,,VERIFIED_CORRECT,https://github.com/googleads/google-ads-mcp,CONFIRMED_AGAINST_PRIMARY_DOCS
71,Google Ads,"Marketing, Ads, Email and Social",buildability,HIGH,UNSUPPORTED_OR_INCORRECT,MEDIUM,VERIFIED_CORRECT,https://github.com/googleads/google-ads-mcp,CORRECTED_VIA_HEURISTIC_AND_HUMAN_AUDIT
72,Google Ads,"Marketing, Ads, Email and Social",primary_blocker,None,UNSUPPORTED_OR_INCORRECT,Developer Token approval review for production access,VERIFIED_CORRECT,https://github.com/googleads/google-ads-mcp,CORRECTED_VIA_HEURISTIC_AND_HUMAN_AUDIT
73,Google Ads,"Marketing, Ads, Email and Social",secondary_blockers,"['Dual auth requirement (OAuth 2.0 token / Service Account + developer-token header)', 'Google Ads Q",AMBIGUOUS,"['Dual auth requirement (OAuth 2.0 token / Service Account + developer-token header)', 'Google Ads Q",VERIFIED_WITH_EXPLICIT_UNCERTAINTY,https://github.com/googleads/google-ads-mcp,PRESERVED_DELIBERATE_UNCERTAINTY
74,Google Ads,"Marketing, Ads, Email and Social",evidence_claims,,VERIFIED_CORRECT,,VERIFIED_CORRECT,https://github.com/googleads/google-ads-mcp,CONFIRMED_AGAINST_PRIMARY_DOCS
75,Google Ads,"Marketing, Ads, Email and Social",evidence_urls,,VERIFIED_CORRECT,,VERIFIED_CORRECT,https://github.com/googleads/google-ads-mcp,CONFIRMED_AGAINST_PRIMARY_DOCS
76,Google Ads,"Marketing, Ads, Email and Social",confidence_score,,VERIFIED_CORRECT,,VERIFIED_CORRECT,https://github.com/googleads/google-ads-mcp,CONFIRMED_AGAINST_PRIMARY_DOCS
77,LinkedIn Ads,"Marketing, Ads, Email and Social",app_name,,VERIFIED_CORRECT,,VERIFIED_CORRECT,https://learn.microsoft.com/en-us/linkedin/marketing/overview,CONFIRMED_AGAINST_PRIMARY_DOCS
78,LinkedIn Ads,"Marketing, Ads, Email and Social",category,"Marketing, Ads, Email and Social",VERIFIED_CORRECT,"Marketing, Ads, Email and Social",VERIFIED_CORRECT,https://learn.microsoft.com/en-us/linkedin/marketing/overview,CONFIRMED_AGAINST_PRIMARY_DOCS
79,LinkedIn Ads,"Marketing, Ads, Email and Social",description,"B2B social advertising platform for sponsored content, messaging ads, and lead gen campaigns.",VERIFIED_CORRECT,"B2B social advertising platform for sponsored content, messaging ads, and lead gen campaigns.",VERIFIED_CORRECT,https://learn.microsoft.com/en-us/linkedin/marketing/overview,CONFIRMED_AGAINST_PRIMARY_DOCS
80,LinkedIn Ads,"Marketing, Ads, Email and Social",auth_methods,['OAuth 2.0 (3-legged Bearer)'],VERIFIED_CORRECT,['OAuth 2.0 (3-legged Bearer)'],VERIFIED_CORRECT,https://learn.microsoft.com/en-us/linkedin/marketing/overview,CONFIRMED_AGAINST_PRIMARY_DOCS
81,LinkedIn Ads,"Marketing, Ads, Email and Social",credential_access,SELF_SERVE,UNSUPPORTED_OR_INCORRECT,PARTNER_OR_SALES_GATED,VERIFIED_CORRECT,https://learn.microsoft.com/en-us/linkedin/marketing/overview,CORRECTED_VIA_HEURISTIC_AND_HUMAN_AUDIT
82,LinkedIn Ads,"Marketing, Ads, Email and Social",free_or_trial_access,Requires formal application to LinkedIn Marketing Developer Platform (MDP); sandbox test apps availa,VERIFIED_CORRECT,Requires formal application to LinkedIn Marketing Developer Platform (MDP); sandbox test apps availa,VERIFIED_CORRECT,https://learn.microsoft.com/en-us/linkedin/marketing/overview,CONFIRMED_AGAINST_PRIMARY_DOCS
83,LinkedIn Ads,"Marketing, Ads, Email and Social",api_availability,,UNSUPPORTED_OR_INCORRECT,,VERIFIED_CORRECT,https://learn.microsoft.com/en-us/linkedin/marketing/overview,CORRECTED_VIA_HEURISTIC_AND_HUMAN_AUDIT
84,LinkedIn Ads,"Marketing, Ads, Email and Social",api_type,,VERIFIED_CORRECT,,VERIFIED_CORRECT,https://learn.microsoft.com/en-us/linkedin/marketing/overview,CONFIRMED_AGAINST_PRIMARY_DOCS
85,LinkedIn Ads,"Marketing, Ads, Email and Social",api_breadth,,VERIFIED_CORRECT,,VERIFIED_CORRECT,https://learn.microsoft.com/en-us/linkedin/marketing/overview,CONFIRMED_AGAINST_PRIMARY_DOCS
86,LinkedIn Ads,"Marketing, Ads, Email and Social",documentation_quality,,VERIFIED_CORRECT,,VERIFIED_CORRECT,https://learn.microsoft.com/en-us/linkedin/marketing/overview,CONFIRMED_AGAINST_PRIMARY_DOCS
87,LinkedIn Ads,"Marketing, Ads, Email and Social",mcp_status,,UNSUPPORTED_OR_INCORRECT,,VERIFIED_CORRECT,https://learn.microsoft.com/en-us/linkedin/marketing/overview,CORRECTED_VIA_HEURISTIC_AND_HUMAN_AUDIT
88,LinkedIn Ads,"Marketing, Ads, Email and Social",mcp_official,,VERIFIED_CORRECT,,VERIFIED_CORRECT,https://learn.microsoft.com/en-us/linkedin/marketing/overview,CONFIRMED_AGAINST_PRIMARY_DOCS
89,LinkedIn Ads,"Marketing, Ads, Email and Social",mcp_url,,VERIFIED_CORRECT,,VERIFIED_CORRECT,https://learn.microsoft.com/en-us/linkedin/marketing/overview,CONFIRMED_AGAINST_PRIMARY_DOCS
90,LinkedIn Ads,"Marketing, Ads, Email and Social",buildability,HIGH,UNSUPPORTED_OR_INCORRECT,MEDIUM,VERIFIED_CORRECT,https://learn.microsoft.com/en-us/linkedin/marketing/overview,CORRECTED_VIA_HEURISTIC_AND_HUMAN_AUDIT
91,LinkedIn Ads,"Marketing, Ads, Email and Social",primary_blocker,None,UNSUPPORTED_OR_INCORRECT,Marketing Developer Platform (MDP) application review & Partner Program approval,VERIFIED_CORRECT,https://learn.microsoft.com/en-us/linkedin/marketing/overview,CORRECTED_VIA_HEURISTIC_AND_HUMAN_AUDIT
92,LinkedIn Ads,"Marketing, Ads, Email and Social",secondary_blockers,"['Private endpoints (Matched Audiences, Audience Insights, Media Planning, Company Intelligence) req",VERIFIED_CORRECT,"['Private endpoints (Matched Audiences, Audience Insights, Media Planning, Company Intelligence) req",VERIFIED_CORRECT,https://learn.microsoft.com/en-us/linkedin/marketing/overview,CONFIRMED_AGAINST_PRIMARY_DOCS
93,LinkedIn Ads,"Marketing, Ads, Email and Social",evidence_claims,,VERIFIED_CORRECT,,VERIFIED_CORRECT,https://learn.microsoft.com/en-us/linkedin/marketing/overview,CONFIRMED_AGAINST_PRIMARY_DOCS
94,LinkedIn Ads,"Marketing, Ads, Email and Social",evidence_urls,,VERIFIED_CORRECT,,VERIFIED_CORRECT,https://learn.microsoft.com/en-us/linkedin/marketing/overview,CONFIRMED_AGAINST_PRIMARY_DOCS
95,LinkedIn Ads,"Marketing, Ads, Email and Social",confidence_score,,VERIFIED_CORRECT,,VERIFIED_CORRECT,https://learn.microsoft.com/en-us/linkedin/marketing/overview,CONFIRMED_AGAINST_PRIMARY_DOCS
96,Amazon Selling Partner,Ecommerce,app_name,,VERIFIED_CORRECT,,VERIFIED_CORRECT,https://developer-docs.amazon.com/sp-api/docs/connecting-to-the-selling-partner-api,CONFIRMED_AGAINST_PRIMARY_DOCS
97,Amazon Selling Partner,Ecommerce,category,Ecommerce,VERIFIED_CORRECT,Ecommerce,VERIFIED_CORRECT,https://developer-docs.amazon.com/sp-api/docs/connecting-to-the-selling-partner-api,CONFIRMED_AGAINST_PRIMARY_DOCS
98,Amazon Selling Partner,Ecommerce,description,"Comprehensive suite of REST-based APIs for Amazon sellers and vendors to manage orders, inventory, l",VERIFIED_CORRECT,"Comprehensive suite of REST-based APIs for Amazon sellers and vendors to manage orders, inventory, l",VERIFIED_CORRECT,https://developer-docs.amazon.com/sp-api/docs/connecting-to-the-selling-partner-api,CONFIRMED_AGAINST_PRIMARY_DOCS
99,Amazon Selling Partner,Ecommerce,auth_methods,"['Login with Amazon (LWA) OAuth 2.0 (x-amz-access-token Header)', 'Restricted Data Token (RDT via To",VERIFIED_CORRECT,"['Login with Amazon (LWA) OAuth 2.0 (x-amz-access-token Header)', 'Restricted Data Token (RDT via To",VERIFIED_CORRECT,https://developer-docs.amazon.com/sp-api/docs/connecting-to-the-selling-partner-api,CONFIRMED_AGAINST_PRIMARY_DOCS
100,Amazon Selling Partner,Ecommerce,credential_access,SELF_SERVE,UNSUPPORTED_OR_INCORRECT,PARTNER_OR_SALES_GATED,VERIFIED_CORRECT,https://developer-docs.amazon.com/sp-api/docs/connecting-to-the-selling-partner-api,CORRECTED_VIA_HEURISTIC_AND_HUMAN_AUDIT
101,Amazon Selling Partner,Ecommerce,free_or_trial_access,Requires registered Amazon Seller Central account and approved Developer Profile application with Re,VERIFIED_CORRECT,Requires registered Amazon Seller Central account and approved Developer Profile application with Re,VERIFIED_CORRECT,https://developer-docs.amazon.com/sp-api/docs/connecting-to-the-selling-partner-api,CONFIRMED_AGAINST_PRIMARY_DOCS
102,Amazon Selling Partner,Ecommerce,api_availability,,UNSUPPORTED_OR_INCORRECT,,VERIFIED_CORRECT,https://developer-docs.amazon.com/sp-api/docs/connecting-to-the-selling-partner-api,CORRECTED_VIA_HEURISTIC_AND_HUMAN_AUDIT
103,Amazon Selling Partner,Ecommerce,api_type,,VERIFIED_CORRECT,,VERIFIED_CORRECT,https://developer-docs.amazon.com/sp-api/docs/connecting-to-the-selling-partner-api,CONFIRMED_AGAINST_PRIMARY_DOCS
104,Amazon Selling Partner,Ecommerce,api_breadth,,VERIFIED_CORRECT,,VERIFIED_CORRECT,https://developer-docs.amazon.com/sp-api/docs/connecting-to-the-selling-partner-api,CONFIRMED_AGAINST_PRIMARY_DOCS
105,Amazon Selling Partner,Ecommerce,documentation_quality,,VERIFIED_CORRECT,,VERIFIED_CORRECT,https://developer-docs.amazon.com/sp-api/docs/connecting-to-the-selling-partner-api,CONFIRMED_AGAINST_PRIMARY_DOCS
106,Amazon Selling Partner,Ecommerce,mcp_status,,UNSUPPORTED_OR_INCORRECT,,VERIFIED_CORRECT,https://developer-docs.amazon.com/sp-api/docs/connecting-to-the-selling-partner-api,CORRECTED_VIA_HEURISTIC_AND_HUMAN_AUDIT
107,Amazon Selling Partner,Ecommerce,mcp_official,,VERIFIED_CORRECT,,VERIFIED_CORRECT,https://developer-docs.amazon.com/sp-api/docs/connecting-to-the-selling-partner-api,CONFIRMED_AGAINST_PRIMARY_DOCS
108,Amazon Selling Partner,Ecommerce,mcp_url,,VERIFIED_CORRECT,,VERIFIED_CORRECT,https://developer-docs.amazon.com/sp-api/docs/connecting-to-the-selling-partner-api,CONFIRMED_AGAINST_PRIMARY_DOCS
109,Amazon Selling Partner,Ecommerce,buildability,HIGH,UNSUPPORTED_OR_INCORRECT,LOW,VERIFIED_CORRECT,https://developer-docs.amazon.com/sp-api/docs/connecting-to-the-selling-partner-api,CORRECTED_VIA_HEURISTIC_AND_HUMAN_AUDIT
110,Amazon Selling Partner,Ecommerce,primary_blocker,None,UNSUPPORTED_OR_INCORRECT,Developer Profile vetting & Restricted Data Role PII audit,VERIFIED_CORRECT,https://developer-docs.amazon.com/sp-api/docs/connecting-to-the-selling-partner-api,CORRECTED_VIA_HEURISTIC_AND_HUMAN_AUDIT
111,Amazon Selling Partner,Ecommerce,secondary_blockers,['Mandatory Restricted Data Tokens (RDT) for customer PII operations (e.g. Orders and Direct-to-Cons,VERIFIED_CORRECT,['Mandatory Restricted Data Tokens (RDT) for customer PII operations (e.g. Orders and Direct-to-Cons,VERIFIED_CORRECT,https://developer-docs.amazon.com/sp-api/docs/connecting-to-the-selling-partner-api,CONFIRMED_AGAINST_PRIMARY_DOCS
112,Amazon Selling Partner,Ecommerce,evidence_claims,,VERIFIED_CORRECT,,VERIFIED_CORRECT,https://developer-docs.amazon.com/sp-api/docs/connecting-to-the-selling-partner-api,CONFIRMED_AGAINST_PRIMARY_DOCS
113,Amazon Selling Partner,Ecommerce,evidence_urls,,VERIFIED_CORRECT,,VERIFIED_CORRECT,https://developer-docs.amazon.com/sp-api/docs/connecting-to-the-selling-partner-api,CONFIRMED_AGAINST_PRIMARY_DOCS
114,Amazon Selling Partner,Ecommerce,confidence_score,,VERIFIED_CORRECT,,VERIFIED_CORRECT,https://developer-docs.amazon.com/sp-api/docs/connecting-to-the-selling-partner-api,CONFIRMED_AGAINST_PRIMARY_DOCS
115,Sherlock,"Data, SEO and Scraping",app_name,,VERIFIED_CORRECT,,VERIFIED_CORRECT,https://github.com/sherlock-project/sherlock,CONFIRMED_AGAINST_PRIMARY_DOCS
116,Sherlock,"Data, SEO and Scraping",category,"Data, SEO and Scraping",VERIFIED_CORRECT,"Data, SEO and Scraping",VERIFIED_CORRECT,https://github.com/sherlock-project/sherlock,CONFIRMED_AGAINST_PRIMARY_DOCS
117,Sherlock,"Data, SEO and Scraping",description,Open-source Python CLI tool to find social media accounts by username across 400+ social platforms.,VERIFIED_CORRECT,Open-source Python CLI tool to find social media accounts by username across 400+ social platforms.,VERIFIED_CORRECT,https://github.com/sherlock-project/sherlock,CONFIRMED_AGAINST_PRIMARY_DOCS
118,Sherlock,"Data, SEO and Scraping",auth_methods,['None (Open Source CLI)'],VERIFIED_CORRECT,['None (Open Source CLI)'],VERIFIED_CORRECT,https://github.com/sherlock-project/sherlock,CONFIRMED_AGAINST_PRIMARY_DOCS
119,Sherlock,"Data, SEO and Scraping",credential_access,SELF_SERVE,UNSUPPORTED_OR_INCORRECT,SELF_SERVE,VERIFIED_CORRECT,https://github.com/sherlock-project/sherlock,CORRECTED_VIA_HEURISTIC_AND_HUMAN_AUDIT
120,Sherlock,"Data, SEO and Scraping",free_or_trial_access,Completely free open-source software on GitHub; no account or API keys required.,VERIFIED_CORRECT,Completely free open-source software on GitHub; no account or API keys required.,VERIFIED_CORRECT,https://github.com/sherlock-project/sherlock,CONFIRMED_AGAINST_PRIMARY_DOCS
121,Sherlock,"Data, SEO and Scraping",api_availability,,UNSUPPORTED_OR_INCORRECT,,VERIFIED_CORRECT,https://github.com/sherlock-project/sherlock,CORRECTED_VIA_HEURISTIC_AND_HUMAN_AUDIT
122,Sherlock,"Data, SEO and Scraping",api_type,,VERIFIED_CORRECT,,VERIFIED_CORRECT,https://github.com/sherlock-project/sherlock,CONFIRMED_AGAINST_PRIMARY_DOCS
123,Sherlock,"Data, SEO and Scraping",api_breadth,,VERIFIED_CORRECT,,VERIFIED_CORRECT,https://github.com/sherlock-project/sherlock,CONFIRMED_AGAINST_PRIMARY_DOCS
124,Sherlock,"Data, SEO and Scraping",documentation_quality,,VERIFIED_CORRECT,,VERIFIED_CORRECT,https://github.com/sherlock-project/sherlock,CONFIRMED_AGAINST_PRIMARY_DOCS
125,Sherlock,"Data, SEO and Scraping",mcp_status,,UNSUPPORTED_OR_INCORRECT,,VERIFIED_CORRECT,https://github.com/sherlock-project/sherlock,CORRECTED_VIA_HEURISTIC_AND_HUMAN_AUDIT
126,Sherlock,"Data, SEO and Scraping",mcp_official,,VERIFIED_CORRECT,,VERIFIED_CORRECT,https://github.com/sherlock-project/sherlock,CONFIRMED_AGAINST_PRIMARY_DOCS
127,Sherlock,"Data, SEO and Scraping",mcp_url,,VERIFIED_CORRECT,,VERIFIED_CORRECT,https://github.com/sherlock-project/sherlock,CONFIRMED_AGAINST_PRIMARY_DOCS
128,Sherlock,"Data, SEO and Scraping",buildability,HIGH,UNSUPPORTED_OR_INCORRECT,MEDIUM,VERIFIED_CORRECT,https://github.com/sherlock-project/sherlock,CORRECTED_VIA_HEURISTIC_AND_HUMAN_AUDIT
129,Sherlock,"Data, SEO and Scraping",primary_blocker,None,UNSUPPORTED_OR_INCORRECT,CLI only / No hosted REST API service,VERIFIED_CORRECT,https://github.com/sherlock-project/sherlock,CORRECTED_VIA_HEURISTIC_AND_HUMAN_AUDIT
130,Sherlock,"Data, SEO and Scraping",secondary_blockers,['Rate limiting/blocking by target social networks without proxy'],VERIFIED_CORRECT,['Rate limiting/blocking by target social networks without proxy'],VERIFIED_CORRECT,https://github.com/sherlock-project/sherlock,CONFIRMED_AGAINST_PRIMARY_DOCS
131,Sherlock,"Data, SEO and Scraping",evidence_claims,,VERIFIED_CORRECT,,VERIFIED_CORRECT,https://github.com/sherlock-project/sherlock,CONFIRMED_AGAINST_PRIMARY_DOCS
132,Sherlock,"Data, SEO and Scraping",evidence_urls,,VERIFIED_CORRECT,,VERIFIED_CORRECT,https://github.com/sherlock-project/sherlock,CONFIRMED_AGAINST_PRIMARY_DOCS
133,Sherlock,"Data, SEO and Scraping",confidence_score,,VERIFIED_CORRECT,,VERIFIED_CORRECT,https://github.com/sherlock-project/sherlock,CONFIRMED_AGAINST_PRIMARY_DOCS
134,PitchBook,Finance and Fintech,app_name,,VERIFIED_CORRECT,,VERIFIED_CORRECT,https://pitchbook.com/products/data/direct-data,CONFIRMED_AGAINST_PRIMARY_DOCS
135,PitchBook,Finance and Fintech,category,Finance and Fintech,VERIFIED_CORRECT,Finance and Fintech,VERIFIED_CORRECT,https://pitchbook.com/products/data/direct-data,CONFIRMED_AGAINST_PRIMARY_DOCS
136,PitchBook,Finance and Fintech,description,"Financial market research database covering private capital, venture capital, PE, and M&A transactio",VERIFIED_CORRECT,"Financial market research database covering private capital, venture capital, PE, and M&A transactio",VERIFIED_CORRECT,https://pitchbook.com/products/data/direct-data,CONFIRMED_AGAINST_PRIMARY_DOCS
137,PitchBook,Finance and Fintech,auth_methods,"['API Key', 'Basic Authentication', 'Bearer Token']",VERIFIED_CORRECT,"['API Key', 'Basic Authentication', 'Bearer Token']",VERIFIED_CORRECT,https://pitchbook.com/products/data/direct-data,CONFIRMED_AGAINST_PRIMARY_DOCS
138,PitchBook,Finance and Fintech,credential_access,SELF_SERVE,UNSUPPORTED_OR_INCORRECT,PARTNER_OR_SALES_GATED,VERIFIED_CORRECT,https://pitchbook.com/products/data/direct-data,CORRECTED_VIA_HEURISTIC_AND_HUMAN_AUDIT
139,PitchBook,Finance and Fintech,free_or_trial_access,"Enterprise direct sales contract required ($20,000+/year); no public free tier or self-serve sandbox",VERIFIED_CORRECT,"Enterprise direct sales contract required ($20,000+/year); no public free tier or self-serve sandbox",VERIFIED_CORRECT,https://pitchbook.com/products/data/direct-data,CONFIRMED_AGAINST_PRIMARY_DOCS
140,PitchBook,Finance and Fintech,api_availability,,UNSUPPORTED_OR_INCORRECT,,VERIFIED_CORRECT,https://pitchbook.com/products/data/direct-data,CORRECTED_VIA_HEURISTIC_AND_HUMAN_AUDIT
141,PitchBook,Finance and Fintech,api_type,,VERIFIED_CORRECT,,VERIFIED_CORRECT,https://pitchbook.com/products/data/direct-data,CONFIRMED_AGAINST_PRIMARY_DOCS
142,PitchBook,Finance and Fintech,api_breadth,,VERIFIED_CORRECT,,VERIFIED_CORRECT,https://pitchbook.com/products/data/direct-data,CONFIRMED_AGAINST_PRIMARY_DOCS
143,PitchBook,Finance and Fintech,documentation_quality,,VERIFIED_CORRECT,,VERIFIED_CORRECT,https://pitchbook.com/products/data/direct-data,CONFIRMED_AGAINST_PRIMARY_DOCS
144,PitchBook,Finance and Fintech,mcp_status,,UNSUPPORTED_OR_INCORRECT,,VERIFIED_CORRECT,https://pitchbook.com/products/data/direct-data,CORRECTED_VIA_HEURISTIC_AND_HUMAN_AUDIT
145,PitchBook,Finance and Fintech,mcp_official,,VERIFIED_CORRECT,,VERIFIED_CORRECT,https://pitchbook.com/products/data/direct-data,CONFIRMED_AGAINST_PRIMARY_DOCS
146,PitchBook,Finance and Fintech,mcp_url,,VERIFIED_CORRECT,,VERIFIED_CORRECT,https://pitchbook.com/products/data/direct-data,CONFIRMED_AGAINST_PRIMARY_DOCS
147,PitchBook,Finance and Fintech,buildability,HIGH,UNSUPPORTED_OR_INCORRECT,LOW,VERIFIED_CORRECT,https://pitchbook.com/products/data/direct-data,CORRECTED_VIA_HEURISTIC_AND_HUMAN_AUDIT
148,PitchBook,Finance and Fintech,primary_blocker,None,UNSUPPORTED_OR_INCORRECT,Enterprise direct sales contract gate ($20k+/yr paywall),VERIFIED_CORRECT,https://pitchbook.com/products/data/direct-data,CORRECTED_VIA_HEURISTIC_AND_HUMAN_AUDIT
149,PitchBook,Finance and Fintech,secondary_blockers,['Strict commercial licensing forbidding unauthorized scraping or third-party syndication'],AMBIGUOUS,['Strict commercial licensing forbidding unauthorized scraping or third-party syndication'],VERIFIED_WITH_EXPLICIT_UNCERTAINTY,https://pitchbook.com/products/data/direct-data,PRESERVED_DELIBERATE_UNCERTAINTY
150,PitchBook,Finance and Fintech,evidence_claims,,VERIFIED_CORRECT,,VERIFIED_CORRECT,https://pitchbook.com/products/data/direct-data,CONFIRMED_AGAINST_PRIMARY_DOCS
151,PitchBook,Finance and Fintech,evidence_urls,,VERIFIED_CORRECT,,VERIFIED_CORRECT,https://pitchbook.com/products/data/direct-data,CONFIRMED_AGAINST_PRIMARY_DOCS
152,PitchBook,Finance and Fintech,confidence_score,,VERIFIED_CORRECT,,VERIFIED_CORRECT,https://pitchbook.com/products/data/direct-data,CONFIRMED_AGAINST_PRIMARY_DOCS
153,NotebookLM,"AI, Research and Media-native",app_name,,VERIFIED_CORRECT,,VERIFIED_CORRECT,https://docs.cloud.google.com/gemini/docs/api/reference/rest,CONFIRMED_AGAINST_PRIMARY_DOCS
154,NotebookLM,"AI, Research and Media-native",category,"AI, Research and Media-native",VERIFIED_CORRECT,"AI, Research and Media-native",VERIFIED_CORRECT,https://docs.cloud.google.com/gemini/docs/api/reference/rest,CONFIRMED_AGAINST_PRIMARY_DOCS
155,NotebookLM,"AI, Research and Media-native",description,"AI-powered personalized research assistant by Google for querying source documents, generating notes",VERIFIED_CORRECT,"AI-powered personalized research assistant by Google for querying source documents, generating notes",VERIFIED_CORRECT,https://docs.cloud.google.com/gemini/docs/api/reference/rest,CONFIRMED_AGAINST_PRIMARY_DOCS
156,NotebookLM,"AI, Research and Media-native",auth_methods,"['Google Cloud IAM (Service Account Key / ADC)', 'OAuth 2.0 (Bearer Token)']",VERIFIED_CORRECT,"['Google Cloud IAM (Service Account Key / ADC)', 'OAuth 2.0 (Bearer Token)']",VERIFIED_CORRECT,https://docs.cloud.google.com/gemini/docs/api/reference/rest,CONFIRMED_AGAINST_PRIMARY_DOCS
157,NotebookLM,"AI, Research and Media-native",credential_access,SELF_SERVE,UNSUPPORTED_OR_INCORRECT,ADMIN_APPROVAL,VERIFIED_CORRECT,https://docs.cloud.google.com/gemini/docs/api/reference/rest,CORRECTED_VIA_HEURISTIC_AND_HUMAN_AUDIT
158,NotebookLM,"AI, Research and Media-native",free_or_trial_access,Consumer app (notebooklm.google.com) is free web-only with zero public APIs; enterprise programmatic,VERIFIED_CORRECT,Consumer app (notebooklm.google.com) is free web-only with zero public APIs; enterprise programmatic,VERIFIED_CORRECT,https://docs.cloud.google.com/gemini/docs/api/reference/rest,CONFIRMED_AGAINST_PRIMARY_DOCS
159,NotebookLM,"AI, Research and Media-native",api_availability,,UNSUPPORTED_OR_INCORRECT,,VERIFIED_CORRECT,https://docs.cloud.google.com/gemini/docs/api/reference/rest,CORRECTED_VIA_HEURISTIC_AND_HUMAN_AUDIT
160,NotebookLM,"AI, Research and Media-native",api_type,,VERIFIED_CORRECT,,VERIFIED_CORRECT,https://docs.cloud.google.com/gemini/docs/api/reference/rest,CONFIRMED_AGAINST_PRIMARY_DOCS
161,NotebookLM,"AI, Research and Media-native",api_breadth,,VERIFIED_CORRECT,,VERIFIED_CORRECT,https://docs.cloud.google.com/gemini/docs/api/reference/rest,CONFIRMED_AGAINST_PRIMARY_DOCS
162,NotebookLM,"AI, Research and Media-native",documentation_quality,,VERIFIED_CORRECT,,VERIFIED_CORRECT,https://docs.cloud.google.com/gemini/docs/api/reference/rest,CONFIRMED_AGAINST_PRIMARY_DOCS
163,NotebookLM,"AI, Research and Media-native",mcp_status,,UNSUPPORTED_OR_INCORRECT,,VERIFIED_CORRECT,https://docs.cloud.google.com/gemini/docs/api/reference/rest,CORRECTED_VIA_HEURISTIC_AND_HUMAN_AUDIT
164,NotebookLM,"AI, Research and Media-native",mcp_official,,VERIFIED_CORRECT,,VERIFIED_CORRECT,https://docs.cloud.google.com/gemini/docs/api/reference/rest,CONFIRMED_AGAINST_PRIMARY_DOCS
165,NotebookLM,"AI, Research and Media-native",mcp_url,,VERIFIED_CORRECT,,VERIFIED_CORRECT,https://docs.cloud.google.com/gemini/docs/api/reference/rest,CONFIRMED_AGAINST_PRIMARY_DOCS
166,NotebookLM,"AI, Research and Media-native",buildability,HIGH,UNSUPPORTED_OR_INCORRECT,LOW,VERIFIED_CORRECT,https://docs.cloud.google.com/gemini/docs/api/reference/rest,CORRECTED_VIA_HEURISTIC_AND_HUMAN_AUDIT
167,NotebookLM,"AI, Research and Media-native",primary_blocker,None,UNSUPPORTED_OR_INCORRECT,No public consumer API; Enterprise companion capabilities require Google Cloud Gemini Enterprise IAM,VERIFIED_CORRECT,https://docs.cloud.google.com/gemini/docs/api/reference/rest,CORRECTED_VIA_HEURISTIC_AND_HUMAN_AUDIT
168,NotebookLM,"AI, Research and Media-native",secondary_blockers,"['GCP project location enablement (geminiGcpEnablementSettings and settingBindings)', 'Service endpo",VERIFIED_CORRECT,"['GCP project location enablement (geminiGcpEnablementSettings and settingBindings)', 'Service endpo",VERIFIED_CORRECT,https://docs.cloud.google.com/gemini/docs/api/reference/rest,CONFIRMED_AGAINST_PRIMARY_DOCS
169,NotebookLM,"AI, Research and Media-native",evidence_claims,,VERIFIED_CORRECT,,VERIFIED_CORRECT,https://docs.cloud.google.com/gemini/docs/api/reference/rest,CONFIRMED_AGAINST_PRIMARY_DOCS
170,NotebookLM,"AI, Research and Media-native",evidence_urls,,VERIFIED_CORRECT,,VERIFIED_CORRECT,https://docs.cloud.google.com/gemini/docs/api/reference/rest,CONFIRMED_AGAINST_PRIMARY_DOCS
171,NotebookLM,"AI, Research and Media-native",confidence_score,,VERIFIED_CORRECT,,VERIFIED_CORRECT,https://docs.cloud.google.com/gemini/docs/api/reference/rest,CONFIRMED_AGAINST_PRIMARY_DOCS
172,Consensus,"AI, Research and Media-native",app_name,,VERIFIED_CORRECT,,VERIFIED_CORRECT,https://docs.consensus.app/,CONFIRMED_AGAINST_PRIMARY_DOCS
173,Consensus,"AI, Research and Media-native",category,"AI, Research and Media-native",VERIFIED_CORRECT,"AI, Research and Media-native",VERIFIED_CORRECT,https://docs.consensus.app/,CONFIRMED_AGAINST_PRIMARY_DOCS
174,Consensus,"AI, Research and Media-native",description,"AI-powered academic search engine delivering evidence, summaries, and consensus from 200M+ peer-revi",VERIFIED_CORRECT,"AI-powered academic search engine delivering evidence, summaries, and consensus from 200M+ peer-revi",VERIFIED_CORRECT,https://docs.consensus.app/,CONFIRMED_AGAINST_PRIMARY_DOCS
175,Consensus,"AI, Research and Media-native",auth_methods,"['OAuth 2.0 (PKCE)', 'API Key (x-api-key / Bearer Token)', 'No Auth (Public MCP Tier)']",VERIFIED_CORRECT,"['OAuth 2.0 (PKCE)', 'API Key (x-api-key / Bearer Token)', 'No Auth (Public MCP Tier)']",VERIFIED_CORRECT,https://docs.consensus.app/,CONFIRMED_AGAINST_PRIMARY_DOCS
176,Consensus,"AI, Research and Media-native",credential_access,SELF_SERVE,UNSUPPORTED_OR_INCORRECT,SELF_SERVE,VERIFIED_CORRECT,https://docs.consensus.app/,CORRECTED_VIA_HEURISTIC_AND_HUMAN_AUDIT
177,Consensus,"AI, Research and Media-native",free_or_trial_access,"Free tier with no account required (3 papers/search unlimited) or free account (10 papers/search, 30",VERIFIED_CORRECT,"Free tier with no account required (3 papers/search unlimited) or free account (10 papers/search, 30",VERIFIED_CORRECT,https://docs.consensus.app/,CONFIRMED_AGAINST_PRIMARY_DOCS
178,Consensus,"AI, Research and Media-native",api_availability,,UNSUPPORTED_OR_INCORRECT,,VERIFIED_CORRECT,https://docs.consensus.app/,CORRECTED_VIA_HEURISTIC_AND_HUMAN_AUDIT
179,Consensus,"AI, Research and Media-native",api_type,,VERIFIED_CORRECT,,VERIFIED_CORRECT,https://docs.consensus.app/,CONFIRMED_AGAINST_PRIMARY_DOCS
180,Consensus,"AI, Research and Media-native",api_breadth,,VERIFIED_CORRECT,,VERIFIED_CORRECT,https://docs.consensus.app/,CONFIRMED_AGAINST_PRIMARY_DOCS
181,Consensus,"AI, Research and Media-native",documentation_quality,,VERIFIED_CORRECT,,VERIFIED_CORRECT,https://docs.consensus.app/,CONFIRMED_AGAINST_PRIMARY_DOCS
182,Consensus,"AI, Research and Media-native",mcp_status,,UNSUPPORTED_OR_INCORRECT,,VERIFIED_CORRECT,https://docs.consensus.app/,CORRECTED_VIA_HEURISTIC_AND_HUMAN_AUDIT
183,Consensus,"AI, Research and Media-native",mcp_official,,VERIFIED_CORRECT,,VERIFIED_CORRECT,https://docs.consensus.app/,CONFIRMED_AGAINST_PRIMARY_DOCS
184,Consensus,"AI, Research and Media-native",mcp_url,,VERIFIED_CORRECT,,VERIFIED_CORRECT,https://docs.consensus.app/,CONFIRMED_AGAINST_PRIMARY_DOCS
185,Consensus,"AI, Research and Media-native",buildability,HIGH,UNSUPPORTED_OR_INCORRECT,HIGH,VERIFIED_CORRECT,https://docs.consensus.app/,CORRECTED_VIA_HEURISTIC_AND_HUMAN_AUDIT
186,Consensus,"AI, Research and Media-native",primary_blocker,None,UNSUPPORTED_OR_INCORRECT,None,VERIFIED_CORRECT,https://docs.consensus.app/,CORRECTED_VIA_HEURISTIC_AND_HUMAN_AUDIT
187,Consensus,"AI, Research and Media-native",secondary_blockers,"[""ChatGPT Deep Research 'fetch' tool currently restricted to ChatGPT client; other MCP clients use '",VERIFIED_CORRECT,"[""ChatGPT Deep Research 'fetch' tool currently restricted to ChatGPT client; other MCP clients use '",VERIFIED_CORRECT,https://docs.consensus.app/,CONFIRMED_AGAINST_PRIMARY_DOCS
188,Consensus,"AI, Research and Media-native",evidence_claims,,VERIFIED_CORRECT,,VERIFIED_CORRECT,https://docs.consensus.app/,CONFIRMED_AGAINST_PRIMARY_DOCS
189,Consensus,"AI, Research and Media-native",evidence_urls,,VERIFIED_CORRECT,,VERIFIED_CORRECT,https://docs.consensus.app/,CONFIRMED_AGAINST_PRIMARY_DOCS
190,Consensus,"AI, Research and Media-native",confidence_score,,VERIFIED_CORRECT,,VERIFIED_CORRECT,https://docs.consensus.app/,CONFIRMED_AGAINST_PRIMARY_DOCS
191,Mermaid CLI,"AI, Research and Media-native",app_name,,VERIFIED_CORRECT,,VERIFIED_CORRECT,https://github.com/mermaid-js/mermaid-cli,CONFIRMED_AGAINST_PRIMARY_DOCS
192,Mermaid CLI,"AI, Research and Media-native",category,"AI, Research and Media-native",VERIFIED_CORRECT,"AI, Research and Media-native",VERIFIED_CORRECT,https://github.com/mermaid-js/mermaid-cli,CONFIRMED_AGAINST_PRIMARY_DOCS
193,Mermaid CLI,"AI, Research and Media-native",description,Command-line interface and programmatic library for converting Mermaid markdown text definitions int,VERIFIED_CORRECT,Command-line interface and programmatic library for converting Mermaid markdown text definitions int,VERIFIED_CORRECT,https://github.com/mermaid-js/mermaid-cli,CONFIRMED_AGAINST_PRIMARY_DOCS
194,Mermaid CLI,"AI, Research and Media-native",auth_methods,['None (Open Source CLI)'],VERIFIED_CORRECT,['None (Open Source CLI)'],VERIFIED_CORRECT,https://github.com/mermaid-js/mermaid-cli,CONFIRMED_AGAINST_PRIMARY_DOCS
195,Mermaid CLI,"AI, Research and Media-native",credential_access,SELF_SERVE,UNSUPPORTED_OR_INCORRECT,SELF_SERVE,VERIFIED_CORRECT,https://github.com/mermaid-js/mermaid-cli,CORRECTED_VIA_HEURISTIC_AND_HUMAN_AUDIT
196,Mermaid CLI,"AI, Research and Media-native",free_or_trial_access,Completely free open-source software (@mermaid-js/mermaid-cli) on npm and GitHub.,VERIFIED_CORRECT,Completely free open-source software (@mermaid-js/mermaid-cli) on npm and GitHub.,VERIFIED_CORRECT,https://github.com/mermaid-js/mermaid-cli,CONFIRMED_AGAINST_PRIMARY_DOCS
197,Mermaid CLI,"AI, Research and Media-native",api_availability,,UNSUPPORTED_OR_INCORRECT,,VERIFIED_CORRECT,https://github.com/mermaid-js/mermaid-cli,CORRECTED_VIA_HEURISTIC_AND_HUMAN_AUDIT
198,Mermaid CLI,"AI, Research and Media-native",api_type,,VERIFIED_CORRECT,,VERIFIED_CORRECT,https://github.com/mermaid-js/mermaid-cli,CONFIRMED_AGAINST_PRIMARY_DOCS
199,Mermaid CLI,"AI, Research and Media-native",api_breadth,,VERIFIED_CORRECT,,VERIFIED_CORRECT,https://github.com/mermaid-js/mermaid-cli,CONFIRMED_AGAINST_PRIMARY_DOCS
200,Mermaid CLI,"AI, Research and Media-native",documentation_quality,,VERIFIED_CORRECT,,VERIFIED_CORRECT,https://github.com/mermaid-js/mermaid-cli,CONFIRMED_AGAINST_PRIMARY_DOCS
201,Mermaid CLI,"AI, Research and Media-native",mcp_status,,UNSUPPORTED_OR_INCORRECT,,VERIFIED_CORRECT,https://github.com/mermaid-js/mermaid-cli,CORRECTED_VIA_HEURISTIC_AND_HUMAN_AUDIT
202,Mermaid CLI,"AI, Research and Media-native",mcp_official,,VERIFIED_CORRECT,,VERIFIED_CORRECT,https://github.com/mermaid-js/mermaid-cli,CONFIRMED_AGAINST_PRIMARY_DOCS
203,Mermaid CLI,"AI, Research and Media-native",mcp_url,,VERIFIED_CORRECT,,VERIFIED_CORRECT,https://github.com/mermaid-js/mermaid-cli,CONFIRMED_AGAINST_PRIMARY_DOCS
204,Mermaid CLI,"AI, Research and Media-native",buildability,HIGH,UNSUPPORTED_OR_INCORRECT,MEDIUM,VERIFIED_CORRECT,https://github.com/mermaid-js/mermaid-cli,CORRECTED_VIA_HEURISTIC_AND_HUMAN_AUDIT
205,Mermaid CLI,"AI, Research and Media-native",primary_blocker,None,UNSUPPORTED_OR_INCORRECT,CLI only / No hosted cloud REST API,VERIFIED_CORRECT,https://github.com/mermaid-js/mermaid-cli,CORRECTED_VIA_HEURISTIC_AND_HUMAN_AUDIT
206,Mermaid CLI,"AI, Research and Media-native",secondary_blockers,"['Puppeteer/Chromium headless sandbox requirements in containerized/server environments', 'Homebrew ",VERIFIED_CORRECT,"['Puppeteer/Chromium headless sandbox requirements in containerized/server environments', 'Homebrew ",VERIFIED_CORRECT,https://github.com/mermaid-js/mermaid-cli,CONFIRMED_AGAINST_PRIMARY_DOCS
207,Mermaid CLI,"AI, Research and Media-native",evidence_claims,,VERIFIED_CORRECT,,VERIFIED_CORRECT,https://github.com/mermaid-js/mermaid-cli,CONFIRMED_AGAINST_PRIMARY_DOCS
208,Mermaid CLI,"AI, Research and Media-native",evidence_urls,,VERIFIED_CORRECT,,VERIFIED_CORRECT,https://github.com/mermaid-js/mermaid-cli,CONFIRMED_AGAINST_PRIMARY_DOCS
209,Mermaid CLI,"AI, Research and Media-native",confidence_score,,VERIFIED_CORRECT,,VERIFIED_CORRECT,https://github.com/mermaid-js/mermaid-cli,CONFIRMED_AGAINST_PRIMARY_DOCS
210,fanbasis,Ecommerce,app_name,,VERIFIED_CORRECT,,VERIFIED_CORRECT,https://docs.fanbasis.com,CONFIRMED_AGAINST_PRIMARY_DOCS
211,fanbasis,Ecommerce,category,Ecommerce,VERIFIED_CORRECT,Ecommerce,VERIFIED_CORRECT,https://docs.fanbasis.com,CONFIRMED_AGAINST_PRIMARY_DOCS
212,fanbasis,Ecommerce,description,Creator monetization and checkout platform for digital products and fan experiences (now Commas).,VERIFIED_CORRECT,Creator monetization and checkout platform for digital products and fan experiences (now Commas).,VERIFIED_CORRECT,https://docs.fanbasis.com,CONFIRMED_AGAINST_PRIMARY_DOCS
213,fanbasis,Ecommerce,auth_methods,"['API Key', 'Bearer Token']",VERIFIED_CORRECT,"['API Key', 'Bearer Token']",VERIFIED_CORRECT,https://docs.fanbasis.com,CONFIRMED_AGAINST_PRIMARY_DOCS
214,fanbasis,Ecommerce,credential_access,SELF_SERVE,UNSUPPORTED_OR_INCORRECT,SELF_SERVE,VERIFIED_CORRECT,https://docs.fanbasis.com,CORRECTED_VIA_HEURISTIC_AND_HUMAN_AUDIT
215,fanbasis,Ecommerce,free_or_trial_access,Free account registration with API key access in creator dashboard.,VERIFIED_CORRECT,Free account registration with API key access in creator dashboard.,VERIFIED_CORRECT,https://docs.fanbasis.com,CONFIRMED_AGAINST_PRIMARY_DOCS
216,fanbasis,Ecommerce,api_availability,,UNSUPPORTED_OR_INCORRECT,,VERIFIED_CORRECT,https://docs.fanbasis.com,CORRECTED_VIA_HEURISTIC_AND_HUMAN_AUDIT
217,fanbasis,Ecommerce,api_type,,VERIFIED_CORRECT,,VERIFIED_CORRECT,https://docs.fanbasis.com,CONFIRMED_AGAINST_PRIMARY_DOCS
218,fanbasis,Ecommerce,api_breadth,,VERIFIED_CORRECT,,VERIFIED_CORRECT,https://docs.fanbasis.com,CONFIRMED_AGAINST_PRIMARY_DOCS
219,fanbasis,Ecommerce,documentation_quality,,VERIFIED_CORRECT,,VERIFIED_CORRECT,https://docs.fanbasis.com,CONFIRMED_AGAINST_PRIMARY_DOCS
220,fanbasis,Ecommerce,mcp_status,,UNSUPPORTED_OR_INCORRECT,,VERIFIED_CORRECT,https://docs.fanbasis.com,CORRECTED_VIA_HEURISTIC_AND_HUMAN_AUDIT
221,fanbasis,Ecommerce,mcp_official,,VERIFIED_CORRECT,,VERIFIED_CORRECT,https://docs.fanbasis.com,CONFIRMED_AGAINST_PRIMARY_DOCS
222,fanbasis,Ecommerce,mcp_url,,VERIFIED_CORRECT,,VERIFIED_CORRECT,https://docs.fanbasis.com,CONFIRMED_AGAINST_PRIMARY_DOCS
223,fanbasis,Ecommerce,buildability,HIGH,UNSUPPORTED_OR_INCORRECT,MEDIUM,VERIFIED_CORRECT,https://docs.fanbasis.com,CORRECTED_VIA_HEURISTIC_AND_HUMAN_AUDIT
224,fanbasis,Ecommerce,primary_blocker,None,UNSUPPORTED_OR_INCORRECT,Limited public endpoint scope (focuses on checkout and webhooks),VERIFIED_CORRECT,https://docs.fanbasis.com,CORRECTED_VIA_HEURISTIC_AND_HUMAN_AUDIT
225,fanbasis,Ecommerce,secondary_blockers,['Rebranding to Commas in progress'],VERIFIED_CORRECT,['Rebranding to Commas in progress'],VERIFIED_CORRECT,https://docs.fanbasis.com,CONFIRMED_AGAINST_PRIMARY_DOCS
226,fanbasis,Ecommerce,evidence_claims,,VERIFIED_CORRECT,,VERIFIED_CORRECT,https://docs.fanbasis.com,CONFIRMED_AGAINST_PRIMARY_DOCS
227,fanbasis,Ecommerce,evidence_urls,,VERIFIED_CORRECT,,VERIFIED_CORRECT,https://docs.fanbasis.com,CONFIRMED_AGAINST_PRIMARY_DOCS
228,fanbasis,Ecommerce,confidence_score,,VERIFIED_CORRECT,,VERIFIED_CORRECT,https://docs.fanbasis.com,CONFIRMED_AGAINST_PRIMARY_DOCS
229,Stripe,Finance and Fintech,app_name,,VERIFIED_CORRECT,,VERIFIED_CORRECT,https://docs.stripe.com/api/authentication,CONFIRMED_AGAINST_PRIMARY_DOCS
230,Stripe,Finance and Fintech,category,Finance and Fintech,VERIFIED_CORRECT,Finance and Fintech,VERIFIED_CORRECT,https://docs.stripe.com/api/authentication,CONFIRMED_AGAINST_PRIMARY_DOCS
231,Stripe,Finance and Fintech,description,"Financial infrastructure platform for payment processing, subscription billing, payouts, and financi",VERIFIED_CORRECT,"Financial infrastructure platform for payment processing, subscription billing, payouts, and financi",VERIFIED_CORRECT,https://docs.stripe.com/api/authentication,CONFIRMED_AGAINST_PRIMARY_DOCS
232,Stripe,Finance and Fintech,auth_methods,"['API Key (Secret Key)', 'OAuth 2.0 (Stripe Connect)', 'Restricted API Key']",VERIFIED_CORRECT,"['API Key (Secret Key)', 'OAuth 2.0 (Stripe Connect)', 'Restricted API Key']",VERIFIED_CORRECT,https://docs.stripe.com/api/authentication,CONFIRMED_AGAINST_PRIMARY_DOCS
233,Stripe,Finance and Fintech,credential_access,SELF_SERVE,VERIFIED_CORRECT,SELF_SERVE,VERIFIED_CORRECT,https://docs.stripe.com/api/authentication,CONFIRMED_AGAINST_PRIMARY_DOCS
234,Stripe,Finance and Fintech,free_or_trial_access,Completely free test mode sandbox with instant API key access; no credit card required to develop.,VERIFIED_CORRECT,Completely free test mode sandbox with instant API key access; no credit card required to develop.,VERIFIED_CORRECT,https://docs.stripe.com/api/authentication,CONFIRMED_AGAINST_PRIMARY_DOCS
235,Stripe,Finance and Fintech,api_availability,,VERIFIED_CORRECT,,VERIFIED_CORRECT,https://docs.stripe.com/api/authentication,CONFIRMED_AGAINST_PRIMARY_DOCS
236,Stripe,Finance and Fintech,api_type,,VERIFIED_CORRECT,,VERIFIED_CORRECT,https://docs.stripe.com/api/authentication,CONFIRMED_AGAINST_PRIMARY_DOCS
237,Stripe,Finance and Fintech,api_breadth,,VERIFIED_CORRECT,,VERIFIED_CORRECT,https://docs.stripe.com/api/authentication,CONFIRMED_AGAINST_PRIMARY_DOCS
238,Stripe,Finance and Fintech,documentation_quality,,VERIFIED_CORRECT,,VERIFIED_CORRECT,https://docs.stripe.com/api/authentication,CONFIRMED_AGAINST_PRIMARY_DOCS
239,Stripe,Finance and Fintech,mcp_status,,VERIFIED_CORRECT,,VERIFIED_CORRECT,https://docs.stripe.com/api/authentication,CONFIRMED_AGAINST_PRIMARY_DOCS
240,Stripe,Finance and Fintech,mcp_official,,VERIFIED_CORRECT,,VERIFIED_CORRECT,https://docs.stripe.com/api/authentication,CONFIRMED_AGAINST_PRIMARY_DOCS
241,Stripe,Finance and Fintech,mcp_url,,VERIFIED_CORRECT,,VERIFIED_CORRECT,https://docs.stripe.com/api/authentication,CONFIRMED_AGAINST_PRIMARY_DOCS
242,Stripe,Finance and Fintech,buildability,HIGH,VERIFIED_CORRECT,HIGH,VERIFIED_CORRECT,https://docs.stripe.com/api/authentication,CONFIRMED_AGAINST_PRIMARY_DOCS
243,Stripe,Finance and Fintech,primary_blocker,None,VERIFIED_CORRECT,None,VERIFIED_CORRECT,https://docs.stripe.com/api/authentication,CONFIRMED_AGAINST_PRIMARY_DOCS
244,Stripe,Finance and Fintech,secondary_blockers,"['Idempotency-Key header requirement for mutate safety', 'PCI compliance rules for raw card processi",VERIFIED_CORRECT,"['Idempotency-Key header requirement for mutate safety', 'PCI compliance rules for raw card processi",VERIFIED_CORRECT,https://docs.stripe.com/api/authentication,CONFIRMED_AGAINST_PRIMARY_DOCS
245,Stripe,Finance and Fintech,evidence_claims,,VERIFIED_CORRECT,,VERIFIED_CORRECT,https://docs.stripe.com/api/authentication,CONFIRMED_AGAINST_PRIMARY_DOCS
246,Stripe,Finance and Fintech,evidence_urls,,VERIFIED_CORRECT,,VERIFIED_CORRECT,https://docs.stripe.com/api/authentication,CONFIRMED_AGAINST_PRIMARY_DOCS
247,Stripe,Finance and Fintech,confidence_score,,VERIFIED_CORRECT,,VERIFIED_CORRECT,https://docs.stripe.com/api/authentication,CONFIRMED_AGAINST_PRIMARY_DOCS
248,GitHub,"Developer, Infra and Data Platforms",app_name,,VERIFIED_CORRECT,,VERIFIED_CORRECT,https://docs.github.com/en/rest/authentication/authenticating-to-the-rest-api,CONFIRMED_AGAINST_PRIMARY_DOCS
249,GitHub,"Developer, Infra and Data Platforms",category,"Developer, Infra and Data Platforms",VERIFIED_CORRECT,"Developer, Infra and Data Platforms",VERIFIED_CORRECT,https://docs.github.com/en/rest/authentication/authenticating-to-the-rest-api,CONFIRMED_AGAINST_PRIMARY_DOCS
250,GitHub,"Developer, Infra and Data Platforms",description,"Code hosting, Git version control, issue tracking, CI/CD actions, and software collaboration platfor",VERIFIED_CORRECT,"Code hosting, Git version control, issue tracking, CI/CD actions, and software collaboration platfor",VERIFIED_CORRECT,https://docs.github.com/en/rest/authentication/authenticating-to-the-rest-api,CONFIRMED_AGAINST_PRIMARY_DOCS
251,GitHub,"Developer, Infra and Data Platforms",auth_methods,"['Personal Access Token (PAT)', 'OAuth 2.0', 'Bearer Token (GitHub App JWT)']",VERIFIED_CORRECT,"['Personal Access Token (PAT)', 'OAuth 2.0', 'Bearer Token (GitHub App JWT)']",VERIFIED_CORRECT,https://docs.github.com/en/rest/authentication/authenticating-to-the-rest-api,CONFIRMED_AGAINST_PRIMARY_DOCS
252,GitHub,"Developer, Infra and Data Platforms",credential_access,SELF_SERVE,VERIFIED_CORRECT,SELF_SERVE,VERIFIED_CORRECT,https://docs.github.com/en/rest/authentication/authenticating-to-the-rest-api,CONFIRMED_AGAINST_PRIMARY_DOCS
253,GitHub,"Developer, Infra and Data Platforms",free_or_trial_access,"Free account tier with full API, fine-grained PATs, and GitHub Apps support.",VERIFIED_CORRECT,"Free account tier with full API, fine-grained PATs, and GitHub Apps support.",VERIFIED_CORRECT,https://docs.github.com/en/rest/authentication/authenticating-to-the-rest-api,CONFIRMED_AGAINST_PRIMARY_DOCS
254,GitHub,"Developer, Infra and Data Platforms",api_availability,,VERIFIED_CORRECT,,VERIFIED_CORRECT,https://docs.github.com/en/rest/authentication/authenticating-to-the-rest-api,CONFIRMED_AGAINST_PRIMARY_DOCS
255,GitHub,"Developer, Infra and Data Platforms",api_type,,VERIFIED_CORRECT,,VERIFIED_CORRECT,https://docs.github.com/en/rest/authentication/authenticating-to-the-rest-api,CONFIRMED_AGAINST_PRIMARY_DOCS
256,GitHub,"Developer, Infra and Data Platforms",api_breadth,,VERIFIED_CORRECT,,VERIFIED_CORRECT,https://docs.github.com/en/rest/authentication/authenticating-to-the-rest-api,CONFIRMED_AGAINST_PRIMARY_DOCS
257,GitHub,"Developer, Infra and Data Platforms",documentation_quality,,VERIFIED_CORRECT,,VERIFIED_CORRECT,https://docs.github.com/en/rest/authentication/authenticating-to-the-rest-api,CONFIRMED_AGAINST_PRIMARY_DOCS
258,GitHub,"Developer, Infra and Data Platforms",mcp_status,,VERIFIED_CORRECT,,VERIFIED_CORRECT,https://docs.github.com/en/rest/authentication/authenticating-to-the-rest-api,CONFIRMED_AGAINST_PRIMARY_DOCS
259,GitHub,"Developer, Infra and Data Platforms",mcp_official,,VERIFIED_CORRECT,,VERIFIED_CORRECT,https://docs.github.com/en/rest/authentication/authenticating-to-the-rest-api,CONFIRMED_AGAINST_PRIMARY_DOCS
260,GitHub,"Developer, Infra and Data Platforms",mcp_url,,VERIFIED_CORRECT,,VERIFIED_CORRECT,https://docs.github.com/en/rest/authentication/authenticating-to-the-rest-api,CONFIRMED_AGAINST_PRIMARY_DOCS
261,GitHub,"Developer, Infra and Data Platforms",buildability,HIGH,VERIFIED_CORRECT,HIGH,VERIFIED_CORRECT,https://docs.github.com/en/rest/authentication/authenticating-to-the-rest-api,CONFIRMED_AGAINST_PRIMARY_DOCS
262,GitHub,"Developer, Infra and Data Platforms",primary_blocker,None,VERIFIED_CORRECT,None,VERIFIED_CORRECT,https://docs.github.com/en/rest/authentication/authenticating-to-the-rest-api,CONFIRMED_AGAINST_PRIMARY_DOCS
263,GitHub,"Developer, Infra and Data Platforms",secondary_blockers,"['Rate limit of 5,000 requests/hour for authenticated users']",VERIFIED_CORRECT,"['Rate limit of 5,000 requests/hour for authenticated users']",VERIFIED_CORRECT,https://docs.github.com/en/rest/authentication/authenticating-to-the-rest-api,CONFIRMED_AGAINST_PRIMARY_DOCS
264,GitHub,"Developer, Infra and Data Platforms",evidence_claims,,VERIFIED_CORRECT,,VERIFIED_CORRECT,https://docs.github.com/en/rest/authentication/authenticating-to-the-rest-api,CONFIRMED_AGAINST_PRIMARY_DOCS
265,GitHub,"Developer, Infra and Data Platforms",evidence_urls,,VERIFIED_CORRECT,,VERIFIED_CORRECT,https://docs.github.com/en/rest/authentication/authenticating-to-the-rest-api,CONFIRMED_AGAINST_PRIMARY_DOCS
266,GitHub,"Developer, Infra and Data Platforms",confidence_score,,VERIFIED_CORRECT,,VERIFIED_CORRECT,https://docs.github.com/en/rest/authentication/authenticating-to-the-rest-api,CONFIRMED_AGAINST_PRIMARY_DOCS
267,HubSpot,CRM and Sales,app_name,,VERIFIED_CORRECT,,VERIFIED_CORRECT,https://developers.hubspot.com/docs/api/working-with-oauth,CONFIRMED_AGAINST_PRIMARY_DOCS
268,HubSpot,CRM and Sales,category,CRM and Sales,VERIFIED_CORRECT,CRM and Sales,VERIFIED_CORRECT,https://developers.hubspot.com/docs/api/working-with-oauth,CONFIRMED_AGAINST_PRIMARY_DOCS
269,HubSpot,CRM and Sales,description,"Inbound marketing, sales CRM, customer service, and content management platform.",VERIFIED_CORRECT,"Inbound marketing, sales CRM, customer service, and content management platform.",VERIFIED_CORRECT,https://developers.hubspot.com/docs/api/working-with-oauth,CONFIRMED_AGAINST_PRIMARY_DOCS
270,HubSpot,CRM and Sales,auth_methods,"['OAuth 2.0', 'Private App Access Token']",VERIFIED_CORRECT,"['OAuth 2.0', 'Private App Access Token']",VERIFIED_CORRECT,https://developers.hubspot.com/docs/api/working-with-oauth,CONFIRMED_AGAINST_PRIMARY_DOCS
271,HubSpot,CRM and Sales,credential_access,SELF_SERVE,VERIFIED_CORRECT,SELF_SERVE,VERIFIED_CORRECT,https://developers.hubspot.com/docs/api/working-with-oauth,CONFIRMED_AGAINST_PRIMARY_DOCS
272,HubSpot,CRM and Sales,free_or_trial_access,Free Developer Account and app test accounts with full API access.,VERIFIED_CORRECT,Free Developer Account and app test accounts with full API access.,VERIFIED_CORRECT,https://developers.hubspot.com/docs/api/working-with-oauth,CONFIRMED_AGAINST_PRIMARY_DOCS
273,HubSpot,CRM and Sales,api_availability,,VERIFIED_CORRECT,,VERIFIED_CORRECT,https://developers.hubspot.com/docs/api/working-with-oauth,CONFIRMED_AGAINST_PRIMARY_DOCS
274,HubSpot,CRM and Sales,api_type,,VERIFIED_CORRECT,,VERIFIED_CORRECT,https://developers.hubspot.com/docs/api/working-with-oauth,CONFIRMED_AGAINST_PRIMARY_DOCS
275,HubSpot,CRM and Sales,api_breadth,,VERIFIED_CORRECT,,VERIFIED_CORRECT,https://developers.hubspot.com/docs/api/working-with-oauth,CONFIRMED_AGAINST_PRIMARY_DOCS
276,HubSpot,CRM and Sales,documentation_quality,,VERIFIED_CORRECT,,VERIFIED_CORRECT,https://developers.hubspot.com/docs/api/working-with-oauth,CONFIRMED_AGAINST_PRIMARY_DOCS
277,HubSpot,CRM and Sales,mcp_status,,VERIFIED_CORRECT,,VERIFIED_CORRECT,https://developers.hubspot.com/docs/api/working-with-oauth,CONFIRMED_AGAINST_PRIMARY_DOCS
278,HubSpot,CRM and Sales,mcp_official,,VERIFIED_CORRECT,,VERIFIED_CORRECT,https://developers.hubspot.com/docs/api/working-with-oauth,CONFIRMED_AGAINST_PRIMARY_DOCS
279,HubSpot,CRM and Sales,mcp_url,,VERIFIED_CORRECT,,VERIFIED_CORRECT,https://developers.hubspot.com/docs/api/working-with-oauth,CONFIRMED_AGAINST_PRIMARY_DOCS
280,HubSpot,CRM and Sales,buildability,HIGH,VERIFIED_CORRECT,HIGH,VERIFIED_CORRECT,https://developers.hubspot.com/docs/api/working-with-oauth,CONFIRMED_AGAINST_PRIMARY_DOCS
281,HubSpot,CRM and Sales,primary_blocker,None,VERIFIED_CORRECT,None,VERIFIED_CORRECT,https://developers.hubspot.com/docs/api/working-with-oauth,CONFIRMED_AGAINST_PRIMARY_DOCS
282,HubSpot,CRM and Sales,secondary_blockers,['Rate limit of 100 requests per 10 seconds'],VERIFIED_CORRECT,['Rate limit of 100 requests per 10 seconds'],VERIFIED_CORRECT,https://developers.hubspot.com/docs/api/working-with-oauth,CONFIRMED_AGAINST_PRIMARY_DOCS
283,HubSpot,CRM and Sales,evidence_claims,,VERIFIED_CORRECT,,VERIFIED_CORRECT,https://developers.hubspot.com/docs/api/working-with-oauth,CONFIRMED_AGAINST_PRIMARY_DOCS
284,HubSpot,CRM and Sales,evidence_urls,,VERIFIED_CORRECT,,VERIFIED_CORRECT,https://developers.hubspot.com/docs/api/working-with-oauth,CONFIRMED_AGAINST_PRIMARY_DOCS
285,HubSpot,CRM and Sales,confidence_score,,VERIFIED_CORRECT,,VERIFIED_CORRECT,https://developers.hubspot.com/docs/api/working-with-oauth,CONFIRMED_AGAINST_PRIMARY_DOCS
286,Notion,Productivity and Project Management,app_name,,VERIFIED_CORRECT,,VERIFIED_CORRECT,https://developers.notion.com/docs/authorization,CONFIRMED_AGAINST_PRIMARY_DOCS
287,Notion,Productivity and Project Management,category,Productivity and Project Management,VERIFIED_CORRECT,Productivity and Project Management,VERIFIED_CORRECT,https://developers.notion.com/docs/authorization,CONFIRMED_AGAINST_PRIMARY_DOCS
288,Notion,Productivity and Project Management,description,"Connected workspace for notes, documents, wikis, databases, and collaborative project management.",VERIFIED_CORRECT,"Connected workspace for notes, documents, wikis, databases, and collaborative project management.",VERIFIED_CORRECT,https://developers.notion.com/docs/authorization,CONFIRMED_AGAINST_PRIMARY_DOCS
289,Notion,Productivity and Project Management,auth_methods,"['Internal Integration Secret (Bearer Token)', 'OAuth 2.0']",VERIFIED_CORRECT,"['Internal Integration Secret (Bearer Token)', 'OAuth 2.0']",VERIFIED_CORRECT,https://developers.notion.com/docs/authorization,CONFIRMED_AGAINST_PRIMARY_DOCS
290,Notion,Productivity and Project Management,credential_access,SELF_SERVE,VERIFIED_CORRECT,SELF_SERVE,VERIFIED_CORRECT,https://developers.notion.com/docs/authorization,CONFIRMED_AGAINST_PRIMARY_DOCS
291,Notion,Productivity and Project Management,free_or_trial_access,Free tier with unlimited internal integrations and full REST API access.,VERIFIED_CORRECT,Free tier with unlimited internal integrations and full REST API access.,VERIFIED_CORRECT,https://developers.notion.com/docs/authorization,CONFIRMED_AGAINST_PRIMARY_DOCS
292,Notion,Productivity and Project Management,api_availability,,VERIFIED_CORRECT,,VERIFIED_CORRECT,https://developers.notion.com/docs/authorization,CONFIRMED_AGAINST_PRIMARY_DOCS
293,Notion,Productivity and Project Management,api_type,,VERIFIED_CORRECT,,VERIFIED_CORRECT,https://developers.notion.com/docs/authorization,CONFIRMED_AGAINST_PRIMARY_DOCS
294,Notion,Productivity and Project Management,api_breadth,,VERIFIED_CORRECT,,VERIFIED_CORRECT,https://developers.notion.com/docs/authorization,CONFIRMED_AGAINST_PRIMARY_DOCS
295,Notion,Productivity and Project Management,documentation_quality,,VERIFIED_CORRECT,,VERIFIED_CORRECT,https://developers.notion.com/docs/authorization,CONFIRMED_AGAINST_PRIMARY_DOCS
296,Notion,Productivity and Project Management,mcp_status,,VERIFIED_CORRECT,,VERIFIED_CORRECT,https://developers.notion.com/docs/authorization,CONFIRMED_AGAINST_PRIMARY_DOCS
297,Notion,Productivity and Project Management,mcp_official,,VERIFIED_CORRECT,,VERIFIED_CORRECT,https://developers.notion.com/docs/authorization,CONFIRMED_AGAINST_PRIMARY_DOCS
298,Notion,Productivity and Project Management,mcp_url,,VERIFIED_CORRECT,,VERIFIED_CORRECT,https://developers.notion.com/docs/authorization,CONFIRMED_AGAINST_PRIMARY_DOCS
299,Notion,Productivity and Project Management,buildability,HIGH,VERIFIED_CORRECT,HIGH,VERIFIED_CORRECT,https://developers.notion.com/docs/authorization,CONFIRMED_AGAINST_PRIMARY_DOCS
300,Notion,Productivity and Project Management,primary_blocker,None,VERIFIED_CORRECT,None,VERIFIED_CORRECT,https://developers.notion.com/docs/authorization,CONFIRMED_AGAINST_PRIMARY_DOCS
301,Notion,Productivity and Project Management,secondary_blockers,"['Pages/databases must be explicitly shared with the internal integration', 'Notion-Version header r",VERIFIED_CORRECT,"['Pages/databases must be explicitly shared with the internal integration', 'Notion-Version header r",VERIFIED_CORRECT,https://developers.notion.com/docs/authorization,CONFIRMED_AGAINST_PRIMARY_DOCS
302,Notion,Productivity and Project Management,evidence_claims,,VERIFIED_CORRECT,,VERIFIED_CORRECT,https://developers.notion.com/docs/authorization,CONFIRMED_AGAINST_PRIMARY_DOCS
303,Notion,Productivity and Project Management,evidence_urls,,VERIFIED_CORRECT,,VERIFIED_CORRECT,https://developers.notion.com/docs/authorization,CONFIRMED_AGAINST_PRIMARY_DOCS
304,Notion,Productivity and Project Management,confidence_score,,VERIFIED_CORRECT,,VERIFIED_CORRECT,https://developers.notion.com/docs/authorization,CONFIRMED_AGAINST_PRIMARY_DOCS
305,Airtable,Productivity and Project Management,app_name,,VERIFIED_CORRECT,,VERIFIED_CORRECT,https://airtable.com/developers/web/api/authentication,CONFIRMED_AGAINST_PRIMARY_DOCS
306,Airtable,Productivity and Project Management,category,Productivity and Project Management,VERIFIED_CORRECT,Productivity and Project Management,VERIFIED_CORRECT,https://airtable.com/developers/web/api/authentication,CONFIRMED_AGAINST_PRIMARY_DOCS
307,Airtable,Productivity and Project Management,description,"Low-code platform for building relational database applications, collaborative tables, and workflows",VERIFIED_CORRECT,"Low-code platform for building relational database applications, collaborative tables, and workflows",VERIFIED_CORRECT,https://airtable.com/developers/web/api/authentication,CONFIRMED_AGAINST_PRIMARY_DOCS
308,Airtable,Productivity and Project Management,auth_methods,"['Personal Access Token (PAT)', 'OAuth 2.0']",VERIFIED_CORRECT,"['Personal Access Token (PAT)', 'OAuth 2.0']",VERIFIED_CORRECT,https://airtable.com/developers/web/api/authentication,CONFIRMED_AGAINST_PRIMARY_DOCS
309,Airtable,Productivity and Project Management,credential_access,SELF_SERVE,VERIFIED_CORRECT,SELF_SERVE,VERIFIED_CORRECT,https://airtable.com/developers/web/api/authentication,CONFIRMED_AGAINST_PRIMARY_DOCS
310,Airtable,Productivity and Project Management,free_or_trial_access,Free tier with full REST API and Personal Access Token support.,VERIFIED_CORRECT,Free tier with full REST API and Personal Access Token support.,VERIFIED_CORRECT,https://airtable.com/developers/web/api/authentication,CONFIRMED_AGAINST_PRIMARY_DOCS
311,Airtable,Productivity and Project Management,api_availability,,VERIFIED_CORRECT,,VERIFIED_CORRECT,https://airtable.com/developers/web/api/authentication,CONFIRMED_AGAINST_PRIMARY_DOCS
312,Airtable,Productivity and Project Management,api_type,,VERIFIED_CORRECT,,VERIFIED_CORRECT,https://airtable.com/developers/web/api/authentication,CONFIRMED_AGAINST_PRIMARY_DOCS
313,Airtable,Productivity and Project Management,api_breadth,,VERIFIED_CORRECT,,VERIFIED_CORRECT,https://airtable.com/developers/web/api/authentication,CONFIRMED_AGAINST_PRIMARY_DOCS
314,Airtable,Productivity and Project Management,documentation_quality,,VERIFIED_CORRECT,,VERIFIED_CORRECT,https://airtable.com/developers/web/api/authentication,CONFIRMED_AGAINST_PRIMARY_DOCS
315,Airtable,Productivity and Project Management,mcp_status,,VERIFIED_CORRECT,,VERIFIED_CORRECT,https://airtable.com/developers/web/api/authentication,CONFIRMED_AGAINST_PRIMARY_DOCS
316,Airtable,Productivity and Project Management,mcp_official,,VERIFIED_CORRECT,,VERIFIED_CORRECT,https://airtable.com/developers/web/api/authentication,CONFIRMED_AGAINST_PRIMARY_DOCS
317,Airtable,Productivity and Project Management,mcp_url,,VERIFIED_CORRECT,,VERIFIED_CORRECT,https://airtable.com/developers/web/api/authentication,CONFIRMED_AGAINST_PRIMARY_DOCS
318,Airtable,Productivity and Project Management,buildability,HIGH,VERIFIED_CORRECT,HIGH,VERIFIED_CORRECT,https://airtable.com/developers/web/api/authentication,CONFIRMED_AGAINST_PRIMARY_DOCS
319,Airtable,Productivity and Project Management,primary_blocker,None,VERIFIED_CORRECT,None,VERIFIED_CORRECT,https://airtable.com/developers/web/api/authentication,CONFIRMED_AGAINST_PRIMARY_DOCS
320,Airtable,Productivity and Project Management,secondary_blockers,['Rate limit of 5 requests per second per base'],VERIFIED_CORRECT,['Rate limit of 5 requests per second per base'],VERIFIED_CORRECT,https://airtable.com/developers/web/api/authentication,CONFIRMED_AGAINST_PRIMARY_DOCS
321,Airtable,Productivity and Project Management,evidence_claims,,VERIFIED_CORRECT,,VERIFIED_CORRECT,https://airtable.com/developers/web/api/authentication,CONFIRMED_AGAINST_PRIMARY_DOCS
322,Airtable,Productivity and Project Management,evidence_urls,,VERIFIED_CORRECT,,VERIFIED_CORRECT,https://airtable.com/developers/web/api/authentication,CONFIRMED_AGAINST_PRIMARY_DOCS
323,Airtable,Productivity and Project Management,confidence_score,,VERIFIED_CORRECT,,VERIFIED_CORRECT,https://airtable.com/developers/web/api/authentication,CONFIRMED_AGAINST_PRIMARY_DOCS
324,Supabase,"Developer, Infra and Data Platforms",app_name,,VERIFIED_CORRECT,,VERIFIED_CORRECT,https://supabase.com/docs/guides/api,CONFIRMED_AGAINST_PRIMARY_DOCS
325,Supabase,"Developer, Infra and Data Platforms",category,"Developer, Infra and Data Platforms",VERIFIED_CORRECT,"Developer, Infra and Data Platforms",VERIFIED_CORRECT,https://supabase.com/docs/guides/api,CONFIRMED_AGAINST_PRIMARY_DOCS
326,Supabase,"Developer, Infra and Data Platforms",description,"Open-source Firebase alternative providing PostgreSQL database, Auth, Storage, Edge Functions, and R",VERIFIED_CORRECT,"Open-source Firebase alternative providing PostgreSQL database, Auth, Storage, Edge Functions, and R",VERIFIED_CORRECT,https://supabase.com/docs/guides/api,CONFIRMED_AGAINST_PRIMARY_DOCS
327,Supabase,"Developer, Infra and Data Platforms",auth_methods,"['API Key (Anon / Service Role Bearer)', 'Personal Access Token (PAT)']",VERIFIED_CORRECT,"['API Key (Anon / Service Role Bearer)', 'Personal Access Token (PAT)']",VERIFIED_CORRECT,https://supabase.com/docs/guides/api,CONFIRMED_AGAINST_PRIMARY_DOCS
328,Supabase,"Developer, Infra and Data Platforms",credential_access,SELF_SERVE,VERIFIED_CORRECT,SELF_SERVE,VERIFIED_CORRECT,https://supabase.com/docs/guides/api,CONFIRMED_AGAINST_PRIMARY_DOCS
329,Supabase,"Developer, Infra and Data Platforms",free_or_trial_access,Free tier (2 free PostgreSQL projects) or completely free open-source self-hosting.,VERIFIED_CORRECT,Free tier (2 free PostgreSQL projects) or completely free open-source self-hosting.,VERIFIED_CORRECT,https://supabase.com/docs/guides/api,CONFIRMED_AGAINST_PRIMARY_DOCS
330,Supabase,"Developer, Infra and Data Platforms",api_availability,,VERIFIED_CORRECT,,VERIFIED_CORRECT,https://supabase.com/docs/guides/api,CONFIRMED_AGAINST_PRIMARY_DOCS
331,Supabase,"Developer, Infra and Data Platforms",api_type,,VERIFIED_CORRECT,,VERIFIED_CORRECT,https://supabase.com/docs/guides/api,CONFIRMED_AGAINST_PRIMARY_DOCS
332,Supabase,"Developer, Infra and Data Platforms",api_breadth,,VERIFIED_CORRECT,,VERIFIED_CORRECT,https://supabase.com/docs/guides/api,CONFIRMED_AGAINST_PRIMARY_DOCS
333,Supabase,"Developer, Infra and Data Platforms",documentation_quality,,VERIFIED_CORRECT,,VERIFIED_CORRECT,https://supabase.com/docs/guides/api,CONFIRMED_AGAINST_PRIMARY_DOCS
334,Supabase,"Developer, Infra and Data Platforms",mcp_status,,VERIFIED_CORRECT,,VERIFIED_CORRECT,https://supabase.com/docs/guides/api,CONFIRMED_AGAINST_PRIMARY_DOCS
335,Supabase,"Developer, Infra and Data Platforms",mcp_official,,VERIFIED_CORRECT,,VERIFIED_CORRECT,https://supabase.com/docs/guides/api,CONFIRMED_AGAINST_PRIMARY_DOCS
336,Supabase,"Developer, Infra and Data Platforms",mcp_url,,VERIFIED_CORRECT,,VERIFIED_CORRECT,https://supabase.com/docs/guides/api,CONFIRMED_AGAINST_PRIMARY_DOCS
337,Supabase,"Developer, Infra and Data Platforms",buildability,HIGH,VERIFIED_CORRECT,HIGH,VERIFIED_CORRECT,https://supabase.com/docs/guides/api,CONFIRMED_AGAINST_PRIMARY_DOCS
338,Supabase,"Developer, Infra and Data Platforms",primary_blocker,None,VERIFIED_CORRECT,None,VERIFIED_CORRECT,https://supabase.com/docs/guides/api,CONFIRMED_AGAINST_PRIMARY_DOCS
339,Supabase,"Developer, Infra and Data Platforms",secondary_blockers,['Row Level Security (RLS) policies must be configured appropriately for keys'],VERIFIED_CORRECT,['Row Level Security (RLS) policies must be configured appropriately for keys'],VERIFIED_CORRECT,https://supabase.com/docs/guides/api,CONFIRMED_AGAINST_PRIMARY_DOCS
340,Supabase,"Developer, Infra and Data Platforms",evidence_claims,,VERIFIED_CORRECT,,VERIFIED_CORRECT,https://supabase.com/docs/guides/api,CONFIRMED_AGAINST_PRIMARY_DOCS
341,Supabase,"Developer, Infra and Data Platforms",evidence_urls,,VERIFIED_CORRECT,,VERIFIED_CORRECT,https://supabase.com/docs/guides/api,CONFIRMED_AGAINST_PRIMARY_DOCS
342,Supabase,"Developer, Infra and Data Platforms",confidence_score,,VERIFIED_CORRECT,,VERIFIED_CORRECT,https://supabase.com/docs/guides/api,CONFIRMED_AGAINST_PRIMARY_DOCS
